hr_contact_channel,total_units,total_cases,avg_automation_score,total_estimated_hours_saved
Internal Collaboration Tool,600,40038,49.728566666666666,150921.26
HR Chat / Virtual Assistant,600,40073,49.4747,150120.93
Phone,600,40073,49.49443333333333,148623.84
Employee Self-Service Portal,600,40090,49.291983333333334,145796.83
Email,600,39726,49.21286666666667,143909.04
