model,accuracy,precision_macro,recall_macro,f1_macro
Logistic Regression,0.9683333333333334,0.9681123640855184,0.9689253114994548,0.9684723417825057
Gradient Boosting,0.8166666666666667,0.8532195627602444,0.7826334039636661,0.8076312576312578
Random Forest,0.79,0.8813604592206287,0.7274685055163029,0.7686524743846763
Decision Tree,0.6616666666666666,0.6609245853269421,0.6614863378295569,0.6606161275822923
