region,total_units,total_cases,avg_automation_score,total_estimated_hours_saved
South America,500,33369,49.56952,124404.64
Africa,500,33576,49.59912,123760.2
Europe,500,33277,49.317099999999996,123737.28
Australia,500,33047,49.37706,123014.91
Asia,500,33554,49.5216,122302.56
North America,500,33177,49.258660000000006,122152.31
