recommended_solution,total_units,total_cases,avg_automation_score,total_estimated_hours_saved
Automatización parcial con alertas SLA,900,59818,51.10344444444444,234092.37
Chatbot o asistente virtual,269,19583,55.61185873605948,154261.36
Workflow automation,243,17786,55.498518518518516,140023.76
Automatización parcial,685,46852,49.20210218978102,136934.08
Automatización prioritaria,62,4613,55.24983870967743,36594.94
Baja prioridad de automatización,750,45605,42.96425333333333,21032.25
Rediseño del proceso antes de automatizar,91,5743,49.786593406593404,16433.14
